Text,URL
Accountants & Auditors,/profile/summary/13-2011.00
,/profile/bright/13-2011.00
Actors,/profile/summary/27-2011.00
Actuaries,/profile/summary/15-2011.00
,/profile/bright/15-2011.00
Acupuncturists,/profile/summary/29-1291.00
,/profile/bright/29-1291.00
Acute Care Nurses,/profile/summary/29-1141.01
,/profile/bright/29-1141.01
Adapted Physical Education Specialists,/profile/summary/25-2059.01
Adhesive Bonding Machine Operators & Tenders,/profile/summary/51-9191.00
"Administrative Law Judges, Adjudicators, & Hearing Officers",/profile/summary/23-1021.00
Administrative Services Managers,/profile/summary/11-3012.00
,/profile/bright/11-3012.00
"Adult Basic Education, Adult Secondary Education, & English as a Second Language Instructors",/profile/summary/25-3011.00
Advanced Practice Psychiatric Nurses,/profile/summary/29-1141.02
,/profile/bright/29-1141.02
Advertising & Promotions Managers,/profile/summary/11-2011.00
Advertising Sales Agents,/profile/summary/41-3011.00
Aerospace Engineering & Operations Technologists & Technicians,/profile/summary/17-3021.00
,/profile/bright/17-3021.00
Aerospace Engineers,/profile/summary/17-2011.00
,/profile/bright/17-2011.00
"Agents & Business Managers of Artists, Performers, & Athletes",/profile/summary/13-1011.00
,/profile/bright/13-1011.00
Agricultural Engineers,/profile/summary/17-2021.00
,/profile/bright/17-2021.00
Agricultural Equipment Operators,/profile/summary/45-2091.00
,/profile/bright/45-2091.00
Agricultural Inspectors,/profile/summary/45-2011.00
"Agricultural Sciences Teachers, Postsecondary",/profile/summary/25-1041.00
Agricultural Technicians,/profile/summary/19-4012.00
,/profile/bright/19-4012.00
Air Traffic Controllers,/profile/summary/53-2021.00
Aircraft Cargo Handling Supervisors,/profile/summary/53-1041.00
,/profile/bright/53-1041.00
Aircraft Mechanics & Service Technicians,/profile/summary/49-3011.00
Aircraft Service Attendants,/profile/summary/53-6032.00
,/profile/bright/53-6032.00
"Aircraft Structure, Surfaces, Rigging, & Systems Assemblers",/profile/summary/51-2011.00
Airfield Operations Specialists,/profile/summary/53-2022.00
"Airline Pilots, Copilots, & Flight Engineers",/profile/summary/53-2011.00
Allergists & Immunologists,/profile/summary/29-1229.01
Ambulance Drivers & Attendants,/profile/summary/53-3011.00
Amusement & Recreation Attendants,/profile/summary/39-3091.00
,/profile/bright/39-3091.00
Anesthesiologist Assistants,/profile/summary/29-1071.01
,/profile/bright/29-1071.01
Anesthesiologists,/profile/summary/29-1211.00
Animal Breeders,/profile/summary/45-2021.00
Animal Caretakers,/profile/summary/39-2021.00
,/profile/bright/39-2021.00
Animal Control Workers,/profile/summary/33-9011.00
Animal Scientists,/profile/summary/19-1011.00
,/profile/bright/19-1011.00
Animal Trainers,/profile/summary/39-2011.00
,/profile/bright/39-2011.00
Anthropologists & Archeologists,/profile/summary/19-3091.00
,/profile/bright/19-3091.00
"Anthropology & Archeology Teachers, Postsecondary",/profile/summary/25-1061.00
Appraisers & Assessors of Real Estate,/profile/summary/13-2023.00
Appraisers of Personal & Business Property,/profile/summary/13-2022.00
"Arbitrators, Mediators, & Conciliators",/profile/summary/23-1022.00
,/profile/bright/23-1022.00
Architects,/profile/summary/17-1011.00
,/profile/bright/17-1011.00
Architectural & Civil Drafters,/profile/summary/17-3011.00
Architectural & Engineering Managers,/profile/summary/11-9041.00
,/profile/bright/11-9041.00
"Architecture Teachers, Postsecondary",/profile/summary/25-1031.00
Archivists,/profile/summary/25-4011.00
,/profile/bright/25-4011.00
"Area, Ethnic, & Cultural Studies Teachers, Postsecondary",/profile/summary/25-1062.00
Art Directors,/profile/summary/27-1011.00
Art Therapists,/profile/summary/29-1129.01
,/profile/bright/29-1129.01
"Art, Drama, & Music Teachers, Postsecondary",/profile/summary/25-1121.00
Astronomers,/profile/summary/19-2011.00
,/profile/bright/19-2011.00
Athletes & Sports Competitors,/profile/summary/27-2021.00
,/profile/bright/27-2021.00
Athletic Trainers,/profile/summary/29-9091.00
,/profile/bright/29-9091.00
Atmospheric & Space Scientists,/profile/summary/19-2021.00
,/profile/bright/19-2021.00
"Atmospheric, Earth, Marine, & Space Sciences Teachers, Postsecondary",/profile/summary/25-1051.00
Audio & Video Technicians,/profile/summary/27-4011.00
Audiologists,/profile/summary/29-1181.00
,/profile/bright/29-1181.00
Audiovisual Equipment Installers & Repairers,/profile/summary/49-2097.00
Automotive & Watercraft Service Attendants,/profile/summary/53-6031.00
Automotive Body & Related Repairers,/profile/summary/49-3021.00
Automotive Engineering Technicians,/profile/summary/17-3027.01
Automotive Engineers,/profile/summary/17-2141.02
,/profile/bright/17-2141.02
Automotive Glass Installers & Repairers,/profile/summary/49-3022.00
Automotive Service Technicians & Mechanics,/profile/summary/49-3023.00
Aviation Inspectors,/profile/summary/53-6051.01
Avionics Technicians,/profile/summary/49-2091.00
,/profile/bright/49-2091.00
Baggage Porters & Bellhops,/profile/summary/39-6011.00
Bailiffs,/profile/summary/33-3011.00
Bakers,/profile/summary/51-3011.00
Barbers,/profile/summary/39-5011.00
,/profile/bright/39-5011.00
Baristas,/profile/summary/35-3023.01
,/profile/bright/35-3023.01
Bartenders,/profile/summary/35-3011.00
,/profile/bright/35-3011.00
Bicycle Repairers,/profile/summary/49-3091.00
,/profile/bright/49-3091.00
Bill & Account Collectors,/profile/summary/43-3011.00
Billing & Posting Clerks,/profile/summary/43-3021.00
Biochemists & Biophysicists,/profile/summary/19-1021.00
,/profile/bright/19-1021.00
Bioengineers & Biomedical Engineers,/profile/summary/17-2031.00
,/profile/bright/17-2031.00
Biofuels Processing Technicians,/profile/summary/51-8099.01
Biofuels Production Managers,/profile/summary/11-3051.03
Biofuels/Biodiesel Technology & Product Development Managers,/profile/summary/11-9041.01
,/profile/bright/11-9041.01
Bioinformatics Scientists,/profile/summary/19-1029.01
,/profile/bright/19-1029.01
Bioinformatics Technicians,/profile/summary/15-2099.01
,/profile/bright/15-2099.01
"Biological Science Teachers, Postsecondary",/profile/summary/25-1042.00
,/profile/bright/25-1042.00
Biological Technicians,/profile/summary/19-4021.00
,/profile/bright/19-4021.00
Biologists,/profile/summary/19-1029.04
,/profile/bright/19-1029.04
Biomass Plant Technicians,/profile/summary/51-8013.03
Biomass Power Plant Managers,/profile/summary/11-3051.04
Biostatisticians,/profile/summary/15-2041.01
,/profile/bright/15-2041.01
Blockchain Engineers,/profile/summary/15-1299.07
,/profile/bright/15-1299.07
Boilermakers,/profile/summary/47-2011.00
"Bookkeeping, Accounting, & Auditing Clerks",/profile/summary/43-3031.00
,/profile/bright/43-3031.00
Brickmasons & Blockmasons,/profile/summary/47-2021.00
Bridge & Lock Tenders,/profile/summary/53-6011.00
Broadcast Announcers & Radio Disc Jockeys,/profile/summary/27-3011.00
Broadcast Technicians,/profile/summary/27-4012.00
Brokerage Clerks,/profile/summary/43-4011.00
Brownfield Redevelopment Specialists & Site Managers,/profile/summary/11-9199.11
,/profile/bright/11-9199.11
Budget Analysts,/profile/summary/13-2031.00
Bus & Truck Mechanics & Diesel Engine Specialists,/profile/summary/49-3031.00
"Bus Drivers, School",/profile/summary/53-3051.00
"Bus Drivers, Transit & Intercity",/profile/summary/53-3052.00
Business Continuity Planners,/profile/summary/13-1199.04
,/profile/bright/13-1199.04
Business Intelligence Analysts,/profile/summary/15-2051.01
,/profile/bright/15-2051.01
"Business Teachers, Postsecondary",/profile/summary/25-1011.00
,/profile/bright/25-1011.00
Butchers & Meat Cutters,/profile/summary/51-3021.00
"Buyers & Purchasing Agents, Farm Products",/profile/summary/13-1021.00
,/profile/bright/13-1021.00
Cabinetmakers & Bench Carpenters,/profile/summary/51-7011.00
Calibration Technologists & Technicians,/profile/summary/17-3028.00
,/profile/bright/17-3028.00
Camera & Photographic Equipment Repairers,/profile/summary/49-9061.00
"Camera Operators, Television, Video, & Film",/profile/summary/27-4031.00
"Captains, Mates, & Pilots of Water Vessels",/profile/summary/53-5021.00
Cardiologists,/profile/summary/29-1212.00
Cardiovascular Technologists & Technicians,/profile/summary/29-2031.00
"Career/Technical Education Teachers, Middle School",/profile/summary/25-2023.00
"Career/Technical Education Teachers, Postsecondary",/profile/summary/25-1194.00
"Career/Technical Education Teachers, Secondary School",/profile/summary/25-2032.00
Cargo & Freight Agents,/profile/summary/43-5011.00
,/profile/bright/43-5011.00
Carpenters,/profile/summary/47-2031.00
Carpet Installers,/profile/summary/47-2041.00
Cartographers & Photogrammetrists,/profile/summary/17-1021.00
,/profile/bright/17-1021.00
Cashiers,/profile/summary/41-2011.00
,/profile/bright/41-2011.00
Cement Masons & Concrete Finishers,/profile/summary/47-2051.00
Chefs & Head Cooks,/profile/summary/35-1011.00
,/profile/bright/35-1011.00
Chemical Engineers,/profile/summary/17-2041.00
,/profile/bright/17-2041.00
Chemical Equipment Operators & Tenders,/profile/summary/51-9011.00
Chemical Plant & System Operators,/profile/summary/51-8091.00
Chemical Technicians,/profile/summary/19-4031.00
,/profile/bright/19-4031.00
"Chemistry Teachers, Postsecondary",/profile/summary/25-1052.00
Chemists,/profile/summary/19-2031.00
,/profile/bright/19-2031.00
Chief Executives,/profile/summary/11-1011.00
,/profile/bright/11-1011.00
Chief Sustainability Officers,/profile/summary/11-1011.03
,/profile/bright/11-1011.03
"Child, Family, & School Social Workers",/profile/summary/21-1021.00
Childcare Workers,/profile/summary/39-9011.00
,/profile/bright/39-9011.00
Chiropractors,/profile/summary/29-1011.00
,/profile/bright/29-1011.00
Choreographers,/profile/summary/27-2032.00
Civil Engineering Technologists & Technicians,/profile/summary/17-3022.00
Civil Engineers,/profile/summary/17-2051.00
,/profile/bright/17-2051.00
"Claims Adjusters, Examiners, & Investigators",/profile/summary/13-1031.00
Cleaners of Vehicles & Equipment,/profile/summary/53-7061.00
"Cleaning, Washing, & Metal Pickling Equipment Operators & Tenders",/profile/summary/51-9192.00
Clergy,/profile/summary/21-2011.00
Climate Change Policy Analysts,/profile/summary/19-2041.01
,/profile/bright/19-2041.01
Clinical & Counseling Psychologists,/profile/summary/19-3033.00
,/profile/bright/19-3033.00
Clinical Data Managers,/profile/summary/15-2051.02
,/profile/bright/15-2051.02
Clinical Neuropsychologists,/profile/summary/19-3039.03
Clinical Nurse Specialists,/profile/summary/29-1141.04
,/profile/bright/29-1141.04
Clinical Research Coordinators,/profile/summary/11-9121.01
,/profile/bright/11-9121.01
Coaches & Scouts,/profile/summary/27-2022.00
,/profile/bright/27-2022.00
"Coating, Painting, & Spraying Machine Setters, Operators, & Tenders",/profile/summary/51-9124.00
"Coil Winders, Tapers, & Finishers",/profile/summary/51-2021.00
"Coin, Vending, & Amusement Machine Servicers & Repairers",/profile/summary/49-9091.00
Commercial & Industrial Designers,/profile/summary/27-1021.00
Commercial Divers,/profile/summary/49-9092.00
,/profile/bright/49-9092.00
Commercial Pilots,/profile/summary/53-2012.00
,/profile/bright/53-2012.00
"Communications Teachers, Postsecondary",/profile/summary/25-1122.00
Community Health Workers,/profile/summary/21-1094.00
,/profile/bright/21-1094.00
Compensation & Benefits Managers,/profile/summary/11-3111.00
"Compensation, Benefits, & Job Analysis Specialists",/profile/summary/13-1141.00
,/profile/bright/13-1141.00
Compliance Managers,/profile/summary/11-9199.02
,/profile/bright/11-9199.02
Compliance Officers,/profile/summary/13-1041.00
Computer & Information Research Scientists,/profile/summary/15-1221.00
,/profile/bright/15-1221.00
Computer & Information Systems Managers,/profile/summary/11-3021.00
,/profile/bright/11-3021.00
Computer Hardware Engineers,/profile/summary/17-2061.00
,/profile/bright/17-2061.00
Computer Network Architects,/profile/summary/15-1241.00
,/profile/bright/15-1241.00
Computer Network Support Specialists,/profile/summary/15-1231.00
,/profile/bright/15-1231.00
Computer Numerically Controlled Tool Operators,/profile/summary/51-9161.00
Computer Numerically Controlled Tool Programmers,/profile/summary/51-9162.00
,/profile/bright/51-9162.00
Computer Programmers,/profile/summary/15-1251.00
"Computer Science Teachers, Postsecondary",/profile/summary/25-1021.00
,/profile/bright/25-1021.00
Computer Systems Analysts,/profile/summary/15-1211.00
,/profile/bright/15-1211.00
Computer Systems Engineers/Architects,/profile/summary/15-1299.08
,/profile/bright/15-1299.08
Computer User Support Specialists,/profile/summary/15-1232.00
"Computer, Automated Teller, & Office Machine Repairers",/profile/summary/49-2011.00
Concierges,/profile/summary/39-6012.00
Conservation Scientists,/profile/summary/19-1031.00
,/profile/bright/19-1031.00
Construction & Building Inspectors,/profile/summary/47-4011.00
Construction Laborers,/profile/summary/47-2061.00
,/profile/bright/47-2061.00
Construction Managers,/profile/summary/11-9021.00
,/profile/bright/11-9021.00
Continuous Mining Machine Operators,/profile/summary/47-5041.00
Control & Valve Installers & Repairers,/profile/summary/49-9012.00
Conveyor Operators & Tenders,/profile/summary/53-7011.00
"Cooks, Fast Food",/profile/summary/35-2011.00
"Cooks, Institution & Cafeteria",/profile/summary/35-2012.00
"Cooks, Private Household",/profile/summary/35-2013.00
"Cooks, Restaurant",/profile/summary/35-2014.00
,/profile/bright/35-2014.00
"Cooks, Short Order",/profile/summary/35-2015.00
Cooling & Freezing Equipment Operators & Tenders,/profile/summary/51-9193.00
,/profile/bright/51-9193.00
Coroners,/profile/summary/13-1041.06
Correctional Officers & Jailers,/profile/summary/33-3012.00
Correspondence Clerks,/profile/summary/43-4021.00
Cost Estimators,/profile/summary/13-1051.00
Costume Attendants,/profile/summary/39-3092.00
,/profile/bright/39-3092.00
Counter & Rental Clerks,/profile/summary/41-2021.00
Couriers & Messengers,/profile/summary/43-5021.00
,/profile/bright/43-5021.00
Court Reporters & Simultaneous Captioners,/profile/summary/27-3092.00
"Court, Municipal, & License Clerks",/profile/summary/43-4031.00
Craft Artists,/profile/summary/27-1012.00
Crane & Tower Operators,/profile/summary/53-7021.00
Credit Analysts,/profile/summary/13-2041.00
"Credit Authorizers, Checkers, & Clerks",/profile/summary/43-4041.00
Credit Counselors,/profile/summary/13-2071.00
Crematory Operators,/profile/summary/39-4012.00
"Criminal Justice & Law Enforcement Teachers, Postsecondary",/profile/summary/25-1111.00
Critical Care Nurses,/profile/summary/29-1141.03
,/profile/bright/29-1141.03
Crossing Guards & Flaggers,/profile/summary/33-9091.00
"Crushing, Grinding, & Polishing Machine Setters, Operators, & Tenders",/profile/summary/51-9021.00
Curators,/profile/summary/25-4012.00
,/profile/bright/25-4012.00
Customer Service Representatives,/profile/summary/43-4051.00
,/profile/bright/43-4051.00
Customs & Border Protection Officers,/profile/summary/33-3051.04
Customs Brokers,/profile/summary/13-1041.08
"Cutters & Trimmers, Hand",/profile/summary/51-9031.00
"Cutting & Slicing Machine Setters, Operators, & Tenders",/profile/summary/51-9032.00
"Cutting, Punching, & Press Machine Setters, Operators, & Tenders, Metal & Plastic",/profile/summary/51-4031.00
Cytogenetic Technologists,/profile/summary/29-2011.01
Cytotechnologists,/profile/summary/29-2011.02
Dancers,/profile/summary/27-2031.00
,/profile/bright/27-2031.00
Data Entry Keyers,/profile/summary/43-9021.00
Data Scientists,/profile/summary/15-2051.00
,/profile/bright/15-2051.00
Data Warehousing Specialists,/profile/summary/15-1243.01
,/profile/bright/15-1243.01
Database Administrators,/profile/summary/15-1242.00
,/profile/bright/15-1242.00
Database Architects,/profile/summary/15-1243.00
,/profile/bright/15-1243.00
Demonstrators & Product Promoters,/profile/summary/41-9011.00
Dental Assistants,/profile/summary/31-9091.00
,/profile/bright/31-9091.00
Dental Hygienists,/profile/summary/29-1292.00
,/profile/bright/29-1292.00
Dental Laboratory Technicians,/profile/summary/51-9081.00
"Dentists, General",/profile/summary/29-1021.00
Dermatologists,/profile/summary/29-1213.00
,/profile/bright/29-1213.00
"Derrick Operators, Oil & Gas",/profile/summary/47-5011.00
Desktop Publishers,/profile/summary/43-9031.00
Detectives & Criminal Investigators,/profile/summary/33-3021.00
Diagnostic Medical Sonographers,/profile/summary/29-2032.00
,/profile/bright/29-2032.00
Dietetic Technicians,/profile/summary/29-2051.00
Dietitians & Nutritionists,/profile/summary/29-1031.00
,/profile/bright/29-1031.00
Digital Forensics Analysts,/profile/summary/15-1299.06
,/profile/bright/15-1299.06
Dining Room & Cafeteria Attendants & Bartender Helpers,/profile/summary/35-9011.00
,/profile/bright/35-9011.00
"Directors, Religious Activities & Education",/profile/summary/21-2021.00
Disc Jockeys,/profile/summary/27-2091.00
Dishwashers,/profile/summary/35-9021.00
Dispatchers,/profile/summary/43-5032.00
Document Management Specialists,/profile/summary/15-1299.03
,/profile/bright/15-1299.03
"Door-to-Door Sales Workers, News & Street Vendors, & Related Workers",/profile/summary/41-9091.00
Dredge Operators,/profile/summary/53-7031.00
"Drilling & Boring Machine Tool Setters, Operators, & Tenders, Metal & Plastic",/profile/summary/51-4032.00
Driver/Sales Workers,/profile/summary/53-3031.00
,/profile/bright/53-3031.00
Drywall & Ceiling Tile Installers,/profile/summary/47-2081.00
Earth Drillers,/profile/summary/47-5023.00
"Economics Teachers, Postsecondary",/profile/summary/25-1063.00
Economists,/profile/summary/19-3011.00
Editors,/profile/summary/27-3041.00
"Education & Childcare Administrators, Preschool & Daycare",/profile/summary/11-9031.00
"Education Administrators, Kindergarten through Secondary",/profile/summary/11-9032.00
"Education Administrators, Postsecondary",/profile/summary/11-9033.00
"Education Teachers, Postsecondary",/profile/summary/25-1081.00
"Educational, Guidance, & Career Counselors & Advisors",/profile/summary/21-1012.00
"Electric Motor, Power Tool, & Related Repairers",/profile/summary/49-2092.00
Electrical & Electronic Engineering Technologists & Technicians,/profile/summary/17-3023.00
Electrical & Electronic Equipment Assemblers,/profile/summary/51-2022.00
,/profile/bright/51-2022.00
Electrical & Electronics Drafters,/profile/summary/17-3012.00
"Electrical & Electronics Installers & Repairers, Transportation Equipment",/profile/summary/49-2093.00
,/profile/bright/49-2093.00
"Electrical & Electronics Repairers, Commercial & Industrial Equipment",/profile/summary/49-2094.00
"Electrical & Electronics Repairers, Powerhouse, Substation, & Relay",/profile/summary/49-2095.00
Electrical Engineers,/profile/summary/17-2071.00
,/profile/bright/17-2071.00
Electrical Power-Line Installers & Repairers,/profile/summary/49-9051.00
,/profile/bright/49-9051.00
Electricians,/profile/summary/47-2111.00
,/profile/bright/47-2111.00
Electro-Mechanical & Mechatronics Technologists & Technicians,/profile/summary/17-3024.00
Electromechanical Equipment Assemblers,/profile/summary/51-2023.00
,/profile/bright/51-2023.00
"Electronic Equipment Installers & Repairers, Motor Vehicles",/profile/summary/49-2096.00
Electronics Engineers,/profile/summary/17-2072.00
,/profile/bright/17-2072.00
Elementary School Teachers,/profile/summary/25-2021.00
Elevator & Escalator Installers & Repairers,/profile/summary/47-4021.00
,/profile/bright/47-4021.00
"Eligibility Interviewers, Government Programs",/profile/summary/43-4061.00
Embalmers,/profile/summary/39-4011.00
Emergency Management Directors,/profile/summary/11-9161.00
Emergency Medical Technicians,/profile/summary/29-2042.00
,/profile/bright/29-2042.00
Emergency Medicine Physicians,/profile/summary/29-1214.00
Endoscopy Technicians,/profile/summary/31-9099.02
,/profile/bright/31-9099.02
Energy Auditors,/profile/summary/47-4011.01
Energy Engineers,/profile/summary/17-2199.03
Engine & Other Machine Assemblers,/profile/summary/51-2031.00
"Engineering Teachers, Postsecondary",/profile/summary/25-1032.00
,/profile/bright/25-1032.00
"English Language & Literature Teachers, Postsecondary",/profile/summary/25-1123.00
Entertainment & Recreation Managers,/profile/summary/11-9072.00
,/profile/bright/11-9072.00
Environmental Compliance Inspectors,/profile/summary/13-1041.01
Environmental Economists,/profile/summary/19-3011.01
Environmental Engineering Technologists & Technicians,/profile/summary/17-3025.00
Environmental Engineers,/profile/summary/17-2081.00
,/profile/bright/17-2081.00
Environmental Restoration Planners,/profile/summary/19-2041.02
,/profile/bright/19-2041.02
"Environmental Science & Protection Technicians, Including Health",/profile/summary/19-4042.00
,/profile/bright/19-4042.00
"Environmental Science Teachers, Postsecondary",/profile/summary/25-1053.00
"Environmental Scientists & Specialists, Including Health",/profile/summary/19-2041.00
,/profile/bright/19-2041.00
Epidemiologists,/profile/summary/19-1041.00
,/profile/bright/19-1041.00
Equal Opportunity Representatives & Officers,/profile/summary/13-1041.03
Etchers & Engravers,/profile/summary/51-9194.00
"Excavating & Loading Machine & Dragline Operators, Surface Mining",/profile/summary/47-5022.00
Executive Secretaries & Executive Administrative Assistants,/profile/summary/43-6011.00
Exercise Physiologists,/profile/summary/29-1128.00
,/profile/bright/29-1128.00
Exercise Trainers & Group Fitness Instructors,/profile/summary/39-9031.00
,/profile/bright/39-9031.00
"Explosives Workers, Ordnance Handling Experts, & Blasters",/profile/summary/47-5032.00
"Extruding & Drawing Machine Setters, Operators, & Tenders, Metal & Plastic",/profile/summary/51-4021.00
"Extruding & Forming Machine Setters, Operators, & Tenders, Synthetic & Glass Fibers",/profile/summary/51-6091.00
"Extruding, Forming, Pressing, & Compacting Machine Setters, Operators, & Tenders",/profile/summary/51-9041.00
Fabric & Apparel Patternmakers,/profile/summary/51-6092.00
Facilities Managers,/profile/summary/11-3013.00
Fallers,/profile/summary/45-4021.00
"Family & Consumer Sciences Teachers, Postsecondary",/profile/summary/25-1192.00
Family Medicine Physicians,/profile/summary/29-1215.00
Farm & Home Management Educators,/profile/summary/25-9021.00
Farm Equipment Mechanics & Service Technicians,/profile/summary/49-3041.00
,/profile/bright/49-3041.00
Farm Labor Contractors,/profile/summary/13-1074.00
,/profile/bright/13-1074.00
"Farmers, Ranchers, & Other Agricultural Managers",/profile/summary/11-9013.00
"Farmworkers & Laborers, Crop, Nursery, & Greenhouse",/profile/summary/45-2092.00
"Farmworkers, Farm, Ranch, & Aquacultural Animals",/profile/summary/45-2093.00
Fashion Designers,/profile/summary/27-1022.00
Fast Food & Counter Workers,/profile/summary/35-3023.00
,/profile/bright/35-3023.00
Fence Erectors,/profile/summary/47-4031.00
Fiberglass Laminators & Fabricators,/profile/summary/51-2051.00
File Clerks,/profile/summary/43-4071.00
Film & Video Editors,/profile/summary/27-4032.00
Financial & Investment Analysts,/profile/summary/13-2051.00
,/profile/bright/13-2051.00
Financial Examiners,/profile/summary/13-2061.00
,/profile/bright/13-2061.00
Financial Managers,/profile/summary/11-3031.00
,/profile/bright/11-3031.00
Financial Quantitative Analysts,/profile/summary/13-2099.01
,/profile/bright/13-2099.01
Financial Risk Specialists,/profile/summary/13-2054.00
,/profile/bright/13-2054.00
"Fine Artists, Including Painters, Sculptors, & Illustrators",/profile/summary/27-1013.00
Fire Inspectors & Investigators,/profile/summary/33-2021.00
Fire-Prevention & Protection Engineers,/profile/summary/17-2111.02
Firefighters,/profile/summary/33-2011.00
First-Line Supervisors of Construction Trades & Extraction Workers,/profile/summary/47-1011.00
,/profile/bright/47-1011.00
First-Line Supervisors of Correctional Officers,/profile/summary/33-1011.00
First-Line Supervisors of Entertainment & Recreation Workers,/profile/summary/39-1014.00
,/profile/bright/39-1014.00
"First-Line Supervisors of Farming, Fishing, & Forestry Workers",/profile/summary/45-1011.00
First-Line Supervisors of Firefighting & Prevention Workers,/profile/summary/33-1021.00
First-Line Supervisors of Food Preparation & Serving Workers,/profile/summary/35-1012.00
,/profile/bright/35-1012.00
First-Line Supervisors of Gambling Services Workers,/profile/summary/39-1013.00
"First-Line Supervisors of Helpers, Laborers, & Material Movers, Hand",/profile/summary/53-1042.00
First-Line Supervisors of Housekeeping & Janitorial Workers,/profile/summary/37-1011.00
"First-Line Supervisors of Landscaping, Lawn Service, & Groundskeeping Workers",/profile/summary/37-1012.00
First-Line Supervisors of Material-Moving Machine & Vehicle Operators,/profile/summary/53-1043.00
"First-Line Supervisors of Mechanics, Installers, & Repairers",/profile/summary/49-1011.00
First-Line Supervisors of Non-Retail Sales Workers,/profile/summary/41-1012.00
First-Line Supervisors of Office & Administrative Support Workers,/profile/summary/43-1011.00
,/profile/bright/43-1011.00
First-Line Supervisors of Passenger Attendants,/profile/summary/53-1044.00
First-Line Supervisors of Personal Service Workers,/profile/summary/39-1022.00
,/profile/bright/39-1022.00
First-Line Supervisors of Police & Detectives,/profile/summary/33-1012.00
First-Line Supervisors of Production & Operating Workers,/profile/summary/51-1011.00
First-Line Supervisors of Retail Sales Workers,/profile/summary/41-1011.00
,/profile/bright/41-1011.00
First-Line Supervisors of Security Workers,/profile/summary/33-1091.00
Fish & Game Wardens,/profile/summary/33-3031.00
Fishing & Hunting Workers,/profile/summary/45-3031.00
Fitness & Wellness Coordinators,/profile/summary/11-9179.01
,/profile/bright/11-9179.01
Flight Attendants,/profile/summary/53-2031.00
,/profile/bright/53-2031.00
Floor Layers,/profile/summary/47-2042.00
,/profile/bright/47-2042.00
Floor Sanders & Finishers,/profile/summary/47-2043.00
Floral Designers,/profile/summary/27-1023.00
"Food & Tobacco Roasting, Baking, & Drying Machine Operators & Tenders",/profile/summary/51-3091.00
Food Batchmakers,/profile/summary/51-3092.00
,/profile/bright/51-3092.00
Food Cooking Machine Operators & Tenders,/profile/summary/51-3093.00
Food Preparation Workers,/profile/summary/35-2021.00
,/profile/bright/35-2021.00
Food Science Technicians,/profile/summary/19-4013.00
,/profile/bright/19-4013.00
Food Scientists & Technologists,/profile/summary/19-1012.00
,/profile/bright/19-1012.00
"Food Servers, Nonrestaurant",/profile/summary/35-3041.00
Food Service Managers,/profile/summary/11-9051.00
"Foreign Language & Literature Teachers, Postsecondary",/profile/summary/25-1124.00
Forensic Science Technicians,/profile/summary/19-4092.00
,/profile/bright/19-4092.00
Forest & Conservation Technicians,/profile/summary/19-4071.00
Forest & Conservation Workers,/profile/summary/45-4011.00
Forest Fire Inspectors & Prevention Specialists,/profile/summary/33-2022.00
,/profile/bright/33-2022.00
Foresters,/profile/summary/19-1032.00
"Forestry & Conservation Science Teachers, Postsecondary",/profile/summary/25-1043.00
"Forging Machine Setters, Operators, & Tenders, Metal & Plastic",/profile/summary/51-4022.00
Foundry Mold & Coremakers,/profile/summary/51-4071.00
"Fraud Examiners, Investigators & Analysts",/profile/summary/13-2099.04
,/profile/bright/13-2099.04
Freight Forwarders,/profile/summary/43-5011.01
,/profile/bright/43-5011.01
Fuel Cell Engineers,/profile/summary/17-2141.01
,/profile/bright/17-2141.01
Fundraisers,/profile/summary/13-1131.00
,/profile/bright/13-1131.00
Fundraising Managers,/profile/summary/11-2033.00
,/profile/bright/11-2033.00
Funeral Attendants,/profile/summary/39-4021.00
Funeral Home Managers,/profile/summary/11-9171.00
"Furnace, Kiln, Oven, Drier, & Kettle Operators & Tenders",/profile/summary/51-9051.00
Furniture Finishers,/profile/summary/51-7021.00
Gambling & Sports Book Writers & Runners,/profile/summary/39-3012.00
Gambling Cage Workers,/profile/summary/43-3041.00
Gambling Change Persons & Booth Cashiers,/profile/summary/41-2012.00
Gambling Dealers,/profile/summary/39-3011.00
Gambling Managers,/profile/summary/11-9071.00
Gambling Surveillance Officers & Gambling Investigators,/profile/summary/33-9031.00
Gas Compressor & Gas Pumping Station Operators,/profile/summary/53-7071.00
Gas Plant Operators,/profile/summary/51-8092.00
Gem & Diamond Workers,/profile/summary/51-9071.06
General & Operations Managers,/profile/summary/11-1021.00
,/profile/bright/11-1021.00
General Internal Medicine Physicians,/profile/summary/29-1216.00
Genetic Counselors,/profile/summary/29-9092.00
,/profile/bright/29-9092.00
Geneticists,/profile/summary/19-1029.03
,/profile/bright/19-1029.03
Geodetic Surveyors,/profile/summary/17-1022.01
,/profile/bright/17-1022.01
Geographers,/profile/summary/19-3092.00
Geographic Information Systems Technologists & Technicians,/profile/summary/15-1299.02
,/profile/bright/15-1299.02
"Geography Teachers, Postsecondary",/profile/summary/25-1064.00
Geological Technicians,/profile/summary/19-4043.00
Geoscientists,/profile/summary/19-2042.00
,/profile/bright/19-2042.00
Geothermal Production Managers,/profile/summary/11-3051.02
Geothermal Technicians,/profile/summary/49-9099.01
"Glass Blowers, Molders, Benders, & Finishers",/profile/summary/51-9195.04
Glaziers,/profile/summary/47-2121.00
Government Property Inspectors & Investigators,/profile/summary/13-1041.04
"Graders & Sorters, Agricultural Products",/profile/summary/45-2041.00
Graphic Designers,/profile/summary/27-1024.00
"Grinding & Polishing Workers, Hand",/profile/summary/51-9022.00
"Grinding, Lapping, Polishing, & Buffing Machine Tool Setters, Operators, & Tenders, Metal & Plastic",/profile/summary/51-4033.00
"Hairdressers, Hairstylists, & Cosmetologists",/profile/summary/39-5012.00
,/profile/bright/39-5012.00
Hazardous Materials Removal Workers,/profile/summary/47-4041.00
Health & Safety Engineers,/profile/summary/17-2111.00
Health Education Specialists,/profile/summary/21-1091.00
,/profile/bright/21-1091.00
Health Informatics Specialists,/profile/summary/15-1211.01
,/profile/bright/15-1211.01
Health Information Technologists & Medical Registrars,/profile/summary/29-9021.00
,/profile/bright/29-9021.00
"Health Specialties Teachers, Postsecondary",/profile/summary/25-1071.00
,/profile/bright/25-1071.00
Healthcare Social Workers,/profile/summary/21-1022.00
,/profile/bright/21-1022.00
Hearing Aid Specialists,/profile/summary/29-2092.00
,/profile/bright/29-2092.00
"Heat Treating Equipment Setters, Operators, & Tenders, Metal & Plastic",/profile/summary/51-4191.00
"Heating, Air Conditioning, & Refrigeration Mechanics & Installers",/profile/summary/49-9021.00
,/profile/bright/49-9021.00
Heavy & Tractor-Trailer Truck Drivers,/profile/summary/53-3032.00
,/profile/bright/53-3032.00
"Helpers--Brickmasons, Blockmasons, Stonemasons, & Tile & Marble Setters",/profile/summary/47-3011.00
Helpers--Carpenters,/profile/summary/47-3012.00
Helpers--Electricians,/profile/summary/47-3013.00
Helpers--Extraction Workers,/profile/summary/47-5081.00
"Helpers--Installation, Maintenance, & Repair Workers",/profile/summary/49-9098.00
"Helpers--Painters, Paperhangers, Plasterers, & Stucco Masons",/profile/summary/47-3014.00
"Helpers--Pipelayers, Plumbers, Pipefitters, & Steamfitters",/profile/summary/47-3015.00
,/profile/bright/47-3015.00
Helpers--Production Workers,/profile/summary/51-9198.00
Helpers--Roofers,/profile/summary/47-3016.00
,/profile/bright/47-3016.00
Highway Maintenance Workers,/profile/summary/47-4051.00
Histology Technicians,/profile/summary/29-2012.01
Historians,/profile/summary/19-3093.00
,/profile/bright/19-3093.00
"History Teachers, Postsecondary",/profile/summary/25-1125.00
Histotechnologists,/profile/summary/29-2011.04
Hoist & Winch Operators,/profile/summary/53-7041.00
Home Appliance Repairers,/profile/summary/49-9031.00
Home Health Aides,/profile/summary/31-1121.00
,/profile/bright/31-1121.00
Hospitalists,/profile/summary/29-1229.02
"Hosts & Hostesses, Restaurant, Lounge, & Coffee Shop",/profile/summary/35-9031.00
,/profile/bright/35-9031.00
"Hotel, Motel, & Resort Desk Clerks",/profile/summary/43-4081.00
,/profile/bright/43-4081.00
Human Factors Engineers & Ergonomists,/profile/summary/17-2112.01
,/profile/bright/17-2112.01
Human Resources Assistants,/profile/summary/43-4161.00
Human Resources Managers,/profile/summary/11-3121.00
,/profile/bright/11-3121.00
Human Resources Specialists,/profile/summary/13-1071.00
,/profile/bright/13-1071.00
Hydroelectric Plant Technicians,/profile/summary/51-8013.04
Hydroelectric Production Managers,/profile/summary/11-3051.06
Hydrologic Technicians,/profile/summary/19-4044.00
Hydrologists,/profile/summary/19-2043.00
Industrial Ecologists,/profile/summary/19-2041.03
,/profile/bright/19-2041.03
Industrial Engineering Technologists & Technicians,/profile/summary/17-3026.00
Industrial Engineers,/profile/summary/17-2112.00
,/profile/bright/17-2112.00
Industrial Machinery Mechanics,/profile/summary/49-9041.00
,/profile/bright/49-9041.00
Industrial Production Managers,/profile/summary/11-3051.00
Industrial Truck & Tractor Operators,/profile/summary/53-7051.00
Industrial-Organizational Psychologists,/profile/summary/19-3032.00
,/profile/bright/19-3032.00
Information Security Analysts,/profile/summary/15-1212.00
,/profile/bright/15-1212.00
Information Security Engineers,/profile/summary/15-1299.05
,/profile/bright/15-1299.05
Information Technology Project Managers,/profile/summary/15-1299.09
,/profile/bright/15-1299.09
"Inspectors, Testers, Sorters, Samplers, & Weighers",/profile/summary/51-9061.00
Instructional Coordinators,/profile/summary/25-9031.00
"Insulation Workers, Floor, Ceiling, & Wall",/profile/summary/47-2131.00
"Insulation Workers, Mechanical",/profile/summary/47-2132.00
"Insurance Appraisers, Auto Damage",/profile/summary/13-1032.00
Insurance Claims & Policy Processing Clerks,/profile/summary/43-9041.00
Insurance Sales Agents,/profile/summary/41-3021.00
,/profile/bright/41-3021.00
Insurance Underwriters,/profile/summary/13-2053.00
Intelligence Analysts,/profile/summary/33-3021.06
Interior Designers,/profile/summary/27-1025.00
Interpreters & Translators,/profile/summary/27-3091.00
Interviewers,/profile/summary/43-4111.00
Investment Fund Managers,/profile/summary/11-3031.03
,/profile/bright/11-3031.03
Janitors & Cleaners,/profile/summary/37-2011.00
,/profile/bright/37-2011.00
Jewelers & Precious Stone & Metal Workers,/profile/summary/51-9071.00
"Judges, Magistrate Judges, & Magistrates",/profile/summary/23-1023.00
Judicial Law Clerks,/profile/summary/23-1012.00
Kindergarten Teachers,/profile/summary/25-2012.00
Labor Relations Specialists,/profile/summary/13-1075.00
"Laborers & Freight, Stock, & Material Movers, Hand",/profile/summary/53-7062.00
,/profile/bright/53-7062.00
Landscape Architects,/profile/summary/17-1012.00
Landscaping & Groundskeeping Workers,/profile/summary/37-3011.00
,/profile/bright/37-3011.00
"Lathe & Turning Machine Tool Setters, Operators, & Tenders, Metal & Plastic",/profile/summary/51-4034.00
Laundry & Dry-Cleaning Workers,/profile/summary/51-6011.00
,/profile/bright/51-6011.00
"Law Teachers, Postsecondary",/profile/summary/25-1112.00
Lawyers,/profile/summary/23-1011.00
"Layout Workers, Metal & Plastic",/profile/summary/51-4192.00
Legal Secretaries & Administrative Assistants,/profile/summary/43-6012.00
Legislators,/profile/summary/11-1031.00
Librarians & Media Collections Specialists,/profile/summary/25-4022.00
"Library Assistants, Clerical",/profile/summary/43-4121.00
"Library Science Teachers, Postsecondary",/profile/summary/25-1082.00
Library Technicians,/profile/summary/25-4031.00
Licensed Practical & Licensed Vocational Nurses,/profile/summary/29-2061.00
"Lifeguards, Ski Patrol, & Other Recreational Protective Service Workers",/profile/summary/33-9092.00
,/profile/bright/33-9092.00
Light Truck Drivers,/profile/summary/53-3033.00
,/profile/bright/53-3033.00
Lighting Technicians,/profile/summary/27-4015.00
"Loading & Moving Machine Operators, Underground Mining",/profile/summary/47-5044.00
Loan Interviewers & Clerks,/profile/summary/43-4131.00
Loan Officers,/profile/summary/13-2072.00
"Locker Room, Coatroom, & Dressing Room Attendants",/profile/summary/39-3093.00
,/profile/bright/39-3093.00
Locksmiths & Safe Repairers,/profile/summary/49-9094.00
Locomotive Engineers,/profile/summary/53-4011.00
Lodging Managers,/profile/summary/11-9081.00
,/profile/bright/11-9081.00
Log Graders & Scalers,/profile/summary/45-4023.00
Logging Equipment Operators,/profile/summary/45-4022.00
Logisticians,/profile/summary/13-1081.00
,/profile/bright/13-1081.00
Logistics Analysts,/profile/summary/13-1081.02
,/profile/bright/13-1081.02
Logistics Engineers,/profile/summary/13-1081.01
,/profile/bright/13-1081.01
Loss Prevention Managers,/profile/summary/11-9199.08
,/profile/bright/11-9199.08
"Low Vision Therapists, Orientation & Mobility Specialists, & Vision Rehabilitation Therapists",/profile/summary/29-1122.01
,/profile/bright/29-1122.01
Machine Feeders & Offbearers,/profile/summary/53-7063.00
Machinists,/profile/summary/51-4041.00
Magnetic Resonance Imaging Technologists,/profile/summary/29-2035.00
,/profile/bright/29-2035.00
Maids & Housekeeping Cleaners,/profile/summary/37-2012.00
,/profile/bright/37-2012.00
Mail Clerks & Mail Machine Operators,/profile/summary/43-9051.00
"Maintenance & Repair Workers, General",/profile/summary/49-9071.00
,/profile/bright/49-9071.00
"Maintenance Workers, Machinery",/profile/summary/49-9043.00
,/profile/bright/49-9043.00
"Makeup Artists, Theatrical & Performance",/profile/summary/39-5091.00
,/profile/bright/39-5091.00
Management Analysts,/profile/summary/13-1111.00
,/profile/bright/13-1111.00
Manicurists & Pedicurists,/profile/summary/39-5092.00
,/profile/bright/39-5092.00
Manufactured Building & Mobile Home Installers,/profile/summary/49-9095.00
Manufacturing Engineers,/profile/summary/17-2112.03
,/profile/bright/17-2112.03
Marine Engineers & Naval Architects,/profile/summary/17-2121.00
,/profile/bright/17-2121.00
Market Research Analysts & Marketing Specialists,/profile/summary/13-1161.00
,/profile/bright/13-1161.00
Marketing Managers,/profile/summary/11-2021.00
,/profile/bright/11-2021.00
Marriage & Family Therapists,/profile/summary/21-1013.00
,/profile/bright/21-1013.00
Massage Therapists,/profile/summary/31-9011.00
,/profile/bright/31-9011.00
Materials Engineers,/profile/summary/17-2131.00
,/profile/bright/17-2131.00
Materials Scientists,/profile/summary/19-2032.00
,/profile/bright/19-2032.00
"Mathematical Science Teachers, Postsecondary",/profile/summary/25-1022.00
Mathematicians,/profile/summary/15-2021.00
"Meat, Poultry, & Fish Cutters & Trimmers",/profile/summary/51-3022.00
Mechanical Door Repairers,/profile/summary/49-9011.00
,/profile/bright/49-9011.00
Mechanical Drafters,/profile/summary/17-3013.00
Mechanical Engineering Technologists & Technicians,/profile/summary/17-3027.00
Mechanical Engineers,/profile/summary/17-2141.00
,/profile/bright/17-2141.00
Mechatronics Engineers,/profile/summary/17-2199.05
Media Programming Directors,/profile/summary/27-2012.03
,/profile/bright/27-2012.03
Media Technical Directors/Managers,/profile/summary/27-2012.05
,/profile/bright/27-2012.05
Medical & Clinical Laboratory Technicians,/profile/summary/29-2012.00
Medical & Clinical Laboratory Technologists,/profile/summary/29-2011.00
Medical & Health Services Managers,/profile/summary/11-9111.00
,/profile/bright/11-9111.00
Medical Appliance Technicians,/profile/summary/51-9082.00
Medical Assistants,/profile/summary/31-9092.00
,/profile/bright/31-9092.00
Medical Dosimetrists,/profile/summary/29-2036.00
Medical Equipment Preparers,/profile/summary/31-9093.00
,/profile/bright/31-9093.00
Medical Equipment Repairers,/profile/summary/49-9062.00
,/profile/bright/49-9062.00
Medical Records Specialists,/profile/summary/29-2072.00
,/profile/bright/29-2072.00
Medical Scientists,/profile/summary/19-1042.00
,/profile/bright/19-1042.00
Medical Secretaries & Administrative Assistants,/profile/summary/43-6013.00
Medical Transcriptionists,/profile/summary/31-9094.00
"Meeting, Convention, & Event Planners",/profile/summary/13-1121.00
,/profile/bright/13-1121.00
Mental Health & Substance Abuse Social Workers,/profile/summary/21-1023.00
,/profile/bright/21-1023.00
Mental Health Counselors,/profile/summary/21-1014.00
,/profile/bright/21-1014.00
Merchandise Displayers & Window Trimmers,/profile/summary/27-1026.00
Metal-Refining Furnace Operators & Tenders,/profile/summary/51-4051.00
"Meter Readers, Utilities",/profile/summary/43-5041.00
Microbiologists,/profile/summary/19-1022.00
,/profile/bright/19-1022.00
Microsystems Engineers,/profile/summary/17-2199.06
Middle School Teachers,/profile/summary/25-2022.00
Midwives,/profile/summary/29-9099.01
,/profile/bright/29-9099.01
"Milling & Planing Machine Setters, Operators, & Tenders, Metal & Plastic",/profile/summary/51-4035.00
Millwrights,/profile/summary/49-9044.00
"Mining & Geological Engineers, Including Mining Safety Engineers",/profile/summary/17-2151.00
"Mixing & Blending Machine Setters, Operators, & Tenders",/profile/summary/51-9023.00
Mobile Heavy Equipment Mechanics,/profile/summary/49-3042.00
,/profile/bright/49-3042.00
"Model Makers, Metal & Plastic",/profile/summary/51-4061.00
"Model Makers, Wood",/profile/summary/51-7031.00
Models,/profile/summary/41-9012.00
"Molders, Shapers, & Casters",/profile/summary/51-9195.00
"Molding, Coremaking, & Casting Machine Setters, Operators, & Tenders, Metal & Plastic",/profile/summary/51-4072.00
Molecular & Cellular Biologists,/profile/summary/19-1029.02
,/profile/bright/19-1029.02
"Morticians, Undertakers, & Funeral Arrangers",/profile/summary/39-4031.00
Motion Picture Projectionists,/profile/summary/39-3021.00
Motorboat Mechanics & Service Technicians,/profile/summary/49-3051.00
,/profile/bright/49-3051.00
Motorboat Operators,/profile/summary/53-5022.00
Motorcycle Mechanics,/profile/summary/49-3052.00
"Multiple Machine Tool Setters, Operators, & Tenders, Metal & Plastic",/profile/summary/51-4081.00
Museum Technicians & Conservators,/profile/summary/25-4013.00
,/profile/bright/25-4013.00
Music Directors & Composers,/profile/summary/27-2041.00
Music Therapists,/profile/summary/29-1129.02
,/profile/bright/29-1129.02
Musical Instrument Repairers & Tuners,/profile/summary/49-9063.00
Musicians & Singers,/profile/summary/27-2042.00
Nannies,/profile/summary/39-9011.01
,/profile/bright/39-9011.01
Nanosystems Engineers,/profile/summary/17-2199.09
Nanotechnology Engineering Technologists & Technicians,/profile/summary/17-3026.01
Natural Sciences Managers,/profile/summary/11-9121.00
,/profile/bright/11-9121.00
Naturopathic Physicians,/profile/summary/29-1299.01
Network & Computer Systems Administrators,/profile/summary/15-1244.00
Neurodiagnostic Technologists,/profile/summary/29-2099.01
,/profile/bright/29-2099.01
Neurologists,/profile/summary/29-1217.00
,/profile/bright/29-1217.00
Neuropsychologists,/profile/summary/19-3039.02
New Accounts Clerks,/profile/summary/43-4141.00
"News Analysts, Reporters, & Journalists",/profile/summary/27-3023.00
Non-Destructive Testing Specialists,/profile/summary/17-3029.01
Nuclear Engineers,/profile/summary/17-2161.00
Nuclear Medicine Technologists,/profile/summary/29-2033.00
Nuclear Monitoring Technicians,/profile/summary/19-4051.02
Nuclear Power Reactor Operators,/profile/summary/51-8011.00
Nuclear Technicians,/profile/summary/19-4051.00
Nurse Anesthetists,/profile/summary/29-1151.00
,/profile/bright/29-1151.00
Nurse Midwives,/profile/summary/29-1161.00
,/profile/bright/29-1161.00
Nurse Practitioners,/profile/summary/29-1171.00
,/profile/bright/29-1171.00
Nursing Assistants,/profile/summary/31-1131.00
,/profile/bright/31-1131.00
"Nursing Instructors & Teachers, Postsecondary",/profile/summary/25-1072.00
,/profile/bright/25-1072.00
Obstetricians & Gynecologists,/profile/summary/29-1218.00
Occupational Health & Safety Specialists,/profile/summary/19-5011.00
,/profile/bright/19-5011.00
Occupational Health & Safety Technicians,/profile/summary/19-5012.00
,/profile/bright/19-5012.00
Occupational Therapists,/profile/summary/29-1122.00
,/profile/bright/29-1122.00
Occupational Therapy Aides,/profile/summary/31-2012.00
Occupational Therapy Assistants,/profile/summary/31-2011.00
,/profile/bright/31-2011.00
"Office Clerks, General",/profile/summary/43-9061.00
,/profile/bright/43-9061.00
Office Machine Operators,/profile/summary/43-9071.00
Online Merchants,/profile/summary/13-1199.06
,/profile/bright/13-1199.06
Operating Engineers & Other Construction Equipment Operators,/profile/summary/47-2073.00
Operations Research Analysts,/profile/summary/15-2031.00
,/profile/bright/15-2031.00
Ophthalmic Laboratory Technicians,/profile/summary/51-9083.00
Ophthalmic Medical Technicians,/profile/summary/29-2057.00
,/profile/bright/29-2057.00
Ophthalmic Medical Technologists,/profile/summary/29-2099.05
,/profile/bright/29-2099.05
Ophthalmologists,/profile/summary/29-1241.00
"Opticians, Dispensing",/profile/summary/29-2081.00
Optometrists,/profile/summary/29-1041.00
,/profile/bright/29-1041.00
Oral & Maxillofacial Surgeons,/profile/summary/29-1022.00
Order Clerks,/profile/summary/43-4151.00
Orderlies,/profile/summary/31-1132.00
Orthodontists,/profile/summary/29-1023.00
Orthopedic Surgeons,/profile/summary/29-1242.00
Orthoptists,/profile/summary/29-1299.02
Orthotists & Prosthetists,/profile/summary/29-2091.00
,/profile/bright/29-2091.00
Outdoor Power Equipment & Other Small Engine Mechanics,/profile/summary/49-3053.00
Packaging & Filling Machine Operators & Tenders,/profile/summary/51-9111.00
,/profile/bright/51-9111.00
"Packers & Packagers, Hand",/profile/summary/53-7064.00
"Painters, Construction & Maintenance",/profile/summary/47-2141.00
"Painting, Coating, & Decorating Workers",/profile/summary/51-9123.00
"Paper Goods Machine Setters, Operators, & Tenders",/profile/summary/51-9196.00
Paperhangers,/profile/summary/47-2142.00
,/profile/bright/47-2142.00
Paralegals & Legal Assistants,/profile/summary/23-2011.00
Paramedics,/profile/summary/29-2043.00
,/profile/bright/29-2043.00
Park Naturalists,/profile/summary/19-1031.03
,/profile/bright/19-1031.03
Parking Attendants,/profile/summary/53-6021.00
Parking Enforcement Workers,/profile/summary/33-3041.00
Parts Salespersons,/profile/summary/41-2022.00
Passenger Attendants,/profile/summary/53-6061.00
,/profile/bright/53-6061.00
Patient Representatives,/profile/summary/29-2099.08
,/profile/bright/29-2099.08
"Patternmakers, Metal & Plastic",/profile/summary/51-4062.00
"Patternmakers, Wood",/profile/summary/51-7032.00
"Paving, Surfacing, & Tamping Equipment Operators",/profile/summary/47-2071.00
Payroll & Timekeeping Clerks,/profile/summary/43-3051.00
Pediatric Surgeons,/profile/summary/29-1243.00
"Pediatricians, General",/profile/summary/29-1221.00
Penetration Testers,/profile/summary/15-1299.04
,/profile/bright/15-1299.04
Personal Care Aides,/profile/summary/31-1122.00
,/profile/bright/31-1122.00
Personal Financial Advisors,/profile/summary/13-2052.00
,/profile/bright/13-2052.00
Pest Control Workers,/profile/summary/37-2021.00
,/profile/bright/37-2021.00
"Pesticide Handlers, Sprayers, & Applicators, Vegetation",/profile/summary/37-3012.00
Petroleum Engineers,/profile/summary/17-2171.00
"Petroleum Pump System Operators, Refinery Operators, & Gaugers",/profile/summary/51-8093.00
Pharmacists,/profile/summary/29-1051.00
Pharmacy Aides,/profile/summary/31-9095.00
Pharmacy Technicians,/profile/summary/29-2052.00
,/profile/bright/29-2052.00
"Philosophy & Religion Teachers, Postsecondary",/profile/summary/25-1126.00
Phlebotomists,/profile/summary/31-9097.00
,/profile/bright/31-9097.00
Photographers,/profile/summary/27-4021.00
Photographic Process Workers & Processing Machine Operators,/profile/summary/51-9151.00
Photonics Engineers,/profile/summary/17-2199.07
Photonics Technicians,/profile/summary/17-3029.08
Physical Medicine & Rehabilitation Physicians,/profile/summary/29-1229.04
Physical Therapist Aides,/profile/summary/31-2022.00
Physical Therapist Assistants,/profile/summary/31-2021.00
,/profile/bright/31-2021.00
Physical Therapists,/profile/summary/29-1123.00
,/profile/bright/29-1123.00
Physician Assistants,/profile/summary/29-1071.00
,/profile/bright/29-1071.00
"Physicians, Pathologists",/profile/summary/29-1222.00
,/profile/bright/29-1222.00
Physicists,/profile/summary/19-2012.00
,/profile/bright/19-2012.00
"Physics Teachers, Postsecondary",/profile/summary/25-1054.00
Pile Driver Operators,/profile/summary/47-2072.00
Pipelayers,/profile/summary/47-2151.00
Plasterers & Stucco Masons,/profile/summary/47-2161.00
"Plating Machine Setters, Operators, & Tenders, Metal & Plastic",/profile/summary/51-4193.00
"Plumbers, Pipefitters, & Steamfitters",/profile/summary/47-2152.00
,/profile/bright/47-2152.00
Podiatrists,/profile/summary/29-1081.00
"Poets, Lyricists & Creative Writers",/profile/summary/27-3043.05
Police & Sheriff's Patrol Officers,/profile/summary/33-3051.00
Police Identification & Records Officers,/profile/summary/33-3021.02
"Political Science Teachers, Postsecondary",/profile/summary/25-1065.00
Political Scientists,/profile/summary/19-3094.00
Postal Service Clerks,/profile/summary/43-5051.00
Postal Service Mail Carriers,/profile/summary/43-5052.00
"Postal Service Mail Sorters, Processors, & Processing Machine Operators",/profile/summary/43-5053.00
Postmasters & Mail Superintendents,/profile/summary/11-9131.00
"Potters, Manufacturing",/profile/summary/51-9195.05
"Pourers & Casters, Metal",/profile/summary/51-4052.00
Power Distributors & Dispatchers,/profile/summary/51-8012.00
Power Plant Operators,/profile/summary/51-8013.00
Precision Agriculture Technicians,/profile/summary/19-4012.01
,/profile/bright/19-4012.01
Prepress Technicians & Workers,/profile/summary/51-5111.00
Preschool Teachers,/profile/summary/25-2011.00
"Pressers, Textile, Garment, & Related Materials",/profile/summary/51-6021.00
Preventive Medicine Physicians,/profile/summary/29-1229.05
Print Binding & Finishing Workers,/profile/summary/51-5113.00
Printing Press Operators,/profile/summary/51-5112.00
Private Detectives & Investigators,/profile/summary/33-9021.00
Probation Officers & Correctional Treatment Specialists,/profile/summary/21-1092.00
Procurement Clerks,/profile/summary/43-3061.00
Producers & Directors,/profile/summary/27-2012.00
,/profile/bright/27-2012.00
"Production, Planning, & Expediting Clerks",/profile/summary/43-5061.00
Project Management Specialists,/profile/summary/13-1082.00
,/profile/bright/13-1082.00
Proofreaders & Copy Markers,/profile/summary/43-9081.00
"Property, Real Estate, & Community Association Managers",/profile/summary/11-9141.00
Prosthodontists,/profile/summary/29-1024.00
Psychiatric Aides,/profile/summary/31-1133.00
Psychiatric Technicians,/profile/summary/29-2053.00
,/profile/bright/29-2053.00
Psychiatrists,/profile/summary/29-1223.00
,/profile/bright/29-1223.00
"Psychology Teachers, Postsecondary",/profile/summary/25-1066.00
Public Relations Managers,/profile/summary/11-2032.00
,/profile/bright/11-2032.00
Public Relations Specialists,/profile/summary/27-3031.00
,/profile/bright/27-3031.00
Public Safety Telecommunicators,/profile/summary/43-5031.00
Pump Operators,/profile/summary/53-7072.00
Purchasing Agents,/profile/summary/13-1023.00
,/profile/bright/13-1023.00
Purchasing Managers,/profile/summary/11-3061.00
Quality Control Analysts,/profile/summary/19-4099.01
,/profile/bright/19-4099.01
Quality Control Systems Managers,/profile/summary/11-3051.01
Radiation Therapists,/profile/summary/29-1124.00
Radio Frequency Identification Device Specialists,/profile/summary/17-2072.01
,/profile/bright/17-2072.01
"Radio, Cellular, & Tower Equipment Installers & Repairers",/profile/summary/49-2021.00
,/profile/bright/49-2021.00
Radiologic Technologists & Technicians,/profile/summary/29-2034.00
,/profile/bright/29-2034.00
Radiologists,/profile/summary/29-1224.00
Rail Car Repairers,/profile/summary/49-3043.00
"Rail Yard Engineers, Dinkey Operators, & Hostlers",/profile/summary/53-4013.00
Rail-Track Laying & Maintenance Equipment Operators,/profile/summary/47-4061.00
"Railroad Brake, Signal, & Switch Operators & Locomotive Firers",/profile/summary/53-4022.00
Railroad Conductors & Yardmasters,/profile/summary/53-4031.00
Range Managers,/profile/summary/19-1031.02
,/profile/bright/19-1031.02
Real Estate Brokers,/profile/summary/41-9021.00
Real Estate Sales Agents,/profile/summary/41-9022.00
Receptionists & Information Clerks,/profile/summary/43-4171.00
,/profile/bright/43-4171.00
"Recreation & Fitness Studies Teachers, Postsecondary",/profile/summary/25-1193.00
Recreation Workers,/profile/summary/39-9032.00
,/profile/bright/39-9032.00
Recreational Therapists,/profile/summary/29-1125.00
Recreational Vehicle Service Technicians,/profile/summary/49-3092.00
,/profile/bright/49-3092.00
Recycling & Reclamation Workers,/profile/summary/53-7062.04
,/profile/bright/53-7062.04
Recycling Coordinators,/profile/summary/53-1042.01
Refractory Materials Repairers,/profile/summary/49-9045.00
Refuse & Recyclable Material Collectors,/profile/summary/53-7081.00
Registered Nurses,/profile/summary/29-1141.00
,/profile/bright/29-1141.00
Regulatory Affairs Managers,/profile/summary/11-9199.01
,/profile/bright/11-9199.01
Regulatory Affairs Specialists,/profile/summary/13-1041.07
Rehabilitation Counselors,/profile/summary/21-1015.00
Reinforcing Iron & Rebar Workers,/profile/summary/47-2171.00
Remote Sensing Scientists & Technologists,/profile/summary/19-2099.01
Remote Sensing Technicians,/profile/summary/19-4099.03
,/profile/bright/19-4099.03
Reservation & Transportation Ticket Agents & Travel Clerks,/profile/summary/43-4181.00
Residential Advisors,/profile/summary/39-9041.00
Respiratory Therapists,/profile/summary/29-1126.00
,/profile/bright/29-1126.00
Retail Loss Prevention Specialists,/profile/summary/33-9099.02
Retail Salespersons,/profile/summary/41-2031.00
,/profile/bright/41-2031.00
Riggers,/profile/summary/49-9096.00
Robotics Engineers,/profile/summary/17-2199.08
Robotics Technicians,/profile/summary/17-3024.01
"Rock Splitters, Quarry",/profile/summary/47-5051.00
"Rolling Machine Setters, Operators, & Tenders, Metal & Plastic",/profile/summary/51-4023.00
"Roof Bolters, Mining",/profile/summary/47-5043.00
Roofers,/profile/summary/47-2181.00
,/profile/bright/47-2181.00
"Rotary Drill Operators, Oil & Gas",/profile/summary/47-5012.00
"Roustabouts, Oil & Gas",/profile/summary/47-5071.00
,/profile/bright/47-5071.00
Sailors & Marine Oilers,/profile/summary/53-5011.00
Sales Engineers,/profile/summary/41-9031.00
,/profile/bright/41-9031.00
Sales Managers,/profile/summary/11-2022.00
,/profile/bright/11-2022.00
Sales Representatives of Services,/profile/summary/41-3091.00
,/profile/bright/41-3091.00
"Sales Representatives, Wholesale & Manufacturing",/profile/summary/41-4012.00
,/profile/bright/41-4012.00
"Sales Representatives, Wholesale & Manufacturing, Technical & Scientific Products",/profile/summary/41-4011.00
"Sawing Machine Setters, Operators, & Tenders, Wood",/profile/summary/51-7041.00
School Bus Monitors,/profile/summary/33-9094.00
School Psychologists,/profile/summary/19-3034.00
Search Marketing Strategists,/profile/summary/13-1161.01
,/profile/bright/13-1161.01
Secondary School Teachers,/profile/summary/25-2031.00
Secretaries & Administrative Assistants,/profile/summary/43-6014.00
,/profile/bright/43-6014.00
"Securities, Commodities, & Financial Services Sales Agents",/profile/summary/41-3031.00
,/profile/bright/41-3031.00
Security & Fire Alarm Systems Installers,/profile/summary/49-2098.00
,/profile/bright/49-2098.00
Security Guards,/profile/summary/33-9032.00
,/profile/bright/33-9032.00
Security Management Specialists,/profile/summary/13-1199.07
,/profile/bright/13-1199.07
Security Managers,/profile/summary/11-3013.01
Segmental Pavers,/profile/summary/47-4091.00
Self-Enrichment Teachers,/profile/summary/25-3021.00
Semiconductor Processing Technicians,/profile/summary/51-9141.00
,/profile/bright/51-9141.00
"Separating, Filtering, Clarifying, Precipitating, & Still Machine Setters, Operators, & Tenders",/profile/summary/51-9012.00
Septic Tank Servicers & Sewer Pipe Cleaners,/profile/summary/47-4071.00
,/profile/bright/47-4071.00
"Service Unit Operators, Oil & Gas",/profile/summary/47-5013.00
Set & Exhibit Designers,/profile/summary/27-1027.00
"Sewers, Hand",/profile/summary/51-6051.00
Sewing Machine Operators,/profile/summary/51-6031.00
Shampooers,/profile/summary/39-5093.00
,/profile/bright/39-5093.00
Sheet Metal Workers,/profile/summary/47-2211.00
Ship Engineers,/profile/summary/53-5031.00
"Shipping, Receiving, & Inventory Clerks",/profile/summary/43-5071.00
Shoe & Leather Workers & Repairers,/profile/summary/51-6041.00
Shoe Machine Operators & Tenders,/profile/summary/51-6042.00
Shuttle Drivers & Chauffeurs,/profile/summary/53-3053.00
,/profile/bright/53-3053.00
Signal & Track Switch Repairers,/profile/summary/49-9097.00
Skincare Specialists,/profile/summary/39-5094.00
,/profile/bright/39-5094.00
Slaughterers & Meat Packers,/profile/summary/51-3023.00
Social & Community Service Managers,/profile/summary/11-9151.00
,/profile/bright/11-9151.00
Social & Human Service Assistants,/profile/summary/21-1093.00
,/profile/bright/21-1093.00
Social Science Research Assistants,/profile/summary/19-4061.00
,/profile/bright/19-4061.00
"Social Work Teachers, Postsecondary",/profile/summary/25-1113.00
Sociologists,/profile/summary/19-3041.00
,/profile/bright/19-3041.00
"Sociology Teachers, Postsecondary",/profile/summary/25-1067.00
Software Developers,/profile/summary/15-1252.00
,/profile/bright/15-1252.00
Software Quality Assurance Analysts & Testers,/profile/summary/15-1253.00
,/profile/bright/15-1253.00
Soil & Plant Scientists,/profile/summary/19-1013.00
,/profile/bright/19-1013.00
Solar Energy Installation Managers,/profile/summary/47-1011.03
,/profile/bright/47-1011.03
Solar Energy Systems Engineers,/profile/summary/17-2199.11
Solar Photovoltaic Installers,/profile/summary/47-2231.00
,/profile/bright/47-2231.00
Solar Sales Representatives & Assessors,/profile/summary/41-4011.07
Solar Thermal Installers & Technicians,/profile/summary/47-2152.04
,/profile/bright/47-2152.04
Sound Engineering Technicians,/profile/summary/27-4014.00
Spa Managers,/profile/summary/11-9179.02
,/profile/bright/11-9179.02
"Special Education Teachers, Elementary School",/profile/summary/25-2056.00
"Special Education Teachers, Kindergarten",/profile/summary/25-2055.00
"Special Education Teachers, Middle School",/profile/summary/25-2057.00
"Special Education Teachers, Preschool",/profile/summary/25-2051.00
"Special Education Teachers, Secondary School",/profile/summary/25-2058.00
Special Effects Artists & Animators,/profile/summary/27-1014.00
Speech-Language Pathologists,/profile/summary/29-1127.00
,/profile/bright/29-1127.00
Speech-Language Pathology Assistants,/profile/summary/31-9099.01
,/profile/bright/31-9099.01
Sports Medicine Physicians,/profile/summary/29-1229.06
Stationary Engineers & Boiler Operators,/profile/summary/51-8021.00
Statistical Assistants,/profile/summary/43-9111.00
Statisticians,/profile/summary/15-2041.00
,/profile/bright/15-2041.00
Stockers & Order Fillers,/profile/summary/53-7065.00
,/profile/bright/53-7065.00
"Stone Cutters & Carvers, Manufacturing",/profile/summary/51-9195.03
Stonemasons,/profile/summary/47-2022.00
Structural Iron & Steel Workers,/profile/summary/47-2221.00
Structural Metal Fabricators & Fitters,/profile/summary/51-2041.00
Substance Abuse & Behavioral Disorder Counselors,/profile/summary/21-1011.00
,/profile/bright/21-1011.00
"Substitute Teachers, Short-Term",/profile/summary/25-3031.00
Subway & Streetcar Operators,/profile/summary/53-4041.00
Supply Chain Managers,/profile/summary/11-3071.04
,/profile/bright/11-3071.04
Surgical Assistants,/profile/summary/29-9093.00
,/profile/bright/29-9093.00
Surgical Technologists,/profile/summary/29-2055.00
,/profile/bright/29-2055.00
Survey Researchers,/profile/summary/19-3022.00
Surveying & Mapping Technicians,/profile/summary/17-3031.00
,/profile/bright/17-3031.00
Surveyors,/profile/summary/17-1022.00
,/profile/bright/17-1022.00
Sustainability Specialists,/profile/summary/13-1199.05
,/profile/bright/13-1199.05
"Switchboard Operators, Including Answering Service",/profile/summary/43-2011.00
"Tailors, Dressmakers, & Custom Sewers",/profile/summary/51-6052.00
Talent Directors,/profile/summary/27-2012.04
,/profile/bright/27-2012.04
"Tank Car, Truck, & Ship Loaders",/profile/summary/53-7121.00
Tapers,/profile/summary/47-2082.00
"Tax Examiners & Collectors, & Revenue Agents",/profile/summary/13-2081.00
Tax Preparers,/profile/summary/13-2082.00
Taxi Drivers,/profile/summary/53-3054.00
,/profile/bright/53-3054.00
"Teaching Assistants, Postsecondary",/profile/summary/25-9044.00
"Teaching Assistants, Preschool, Elementary, Middle, & Secondary School",/profile/summary/25-9042.00
"Teaching Assistants, Special Education",/profile/summary/25-9043.00
Team Assemblers,/profile/summary/51-2092.00
Technical Writers,/profile/summary/27-3042.00
Telecommunications Engineering Specialists,/profile/summary/15-1241.01
,/profile/bright/15-1241.01
Telecommunications Equipment Installers & Repairers,/profile/summary/49-2022.00
Telecommunications Line Installers & Repairers,/profile/summary/49-9052.00
Telemarketers,/profile/summary/41-9041.00
Telephone Operators,/profile/summary/43-2021.00
Tellers,/profile/summary/43-3071.00
Terrazzo Workers & Finishers,/profile/summary/47-2053.00
Textile Bleaching & Dyeing Machine Operators & Tenders,/profile/summary/51-6061.00
"Textile Cutting Machine Setters, Operators, & Tenders",/profile/summary/51-6062.00
"Textile Knitting & Weaving Machine Setters, Operators, & Tenders",/profile/summary/51-6063.00
"Textile Winding, Twisting, & Drawing Out Machine Setters, Operators, & Tenders",/profile/summary/51-6064.00
Tile & Stone Setters,/profile/summary/47-2044.00
,/profile/bright/47-2044.00
Timing Device Assemblers & Adjusters,/profile/summary/51-2061.00
Tire Builders,/profile/summary/51-9197.00
Tire Repairers & Changers,/profile/summary/49-3093.00
"Title Examiners, Abstractors, & Searchers",/profile/summary/23-2093.00
Tool & Die Makers,/profile/summary/51-4111.00
"Tool Grinders, Filers, & Sharpeners",/profile/summary/51-4194.00
Tour Guides & Escorts,/profile/summary/39-7011.00
,/profile/bright/39-7011.00
Traffic Technicians,/profile/summary/53-6041.00
Training & Development Managers,/profile/summary/11-3131.00
,/profile/bright/11-3131.00
Training & Development Specialists,/profile/summary/13-1151.00
,/profile/bright/13-1151.00
Transit & Railroad Police,/profile/summary/33-3052.00
Transportation Engineers,/profile/summary/17-2051.01
,/profile/bright/17-2051.01
Transportation Inspectors,/profile/summary/53-6051.00
Transportation Planners,/profile/summary/19-3099.01
Transportation Security Screeners,/profile/summary/33-9093.00
"Transportation Vehicle, Equipment & Systems Inspectors",/profile/summary/53-6051.07
"Transportation, Storage, & Distribution Managers",/profile/summary/11-3071.00
,/profile/bright/11-3071.00
Travel Agents,/profile/summary/41-3041.00
Travel Guides,/profile/summary/39-7012.00
,/profile/bright/39-7012.00
Treasurers & Controllers,/profile/summary/11-3031.01
,/profile/bright/11-3031.01
Tree Trimmers & Pruners,/profile/summary/37-3013.00
Tutors,/profile/summary/25-3041.00
"Umpires, Referees, & Other Sports Officials",/profile/summary/27-2023.00
,/profile/bright/27-2023.00
Upholsterers,/profile/summary/51-6093.00
Urban & Regional Planners,/profile/summary/19-3051.00
Urologists,/profile/summary/29-1229.03
"Ushers, Lobby Attendants, & Ticket Takers",/profile/summary/39-3031.00
Validation Engineers,/profile/summary/17-2112.02
,/profile/bright/17-2112.02
Veterinarians,/profile/summary/29-1131.00
,/profile/bright/29-1131.00
Veterinary Assistants & Laboratory Animal Caretakers,/profile/summary/31-9096.00
,/profile/bright/31-9096.00
Veterinary Technologists & Technicians,/profile/summary/29-2056.00
,/profile/bright/29-2056.00
Video Game Designers,/profile/summary/15-1255.01
,/profile/bright/15-1255.01
Waiters & Waitresses,/profile/summary/35-3031.00
,/profile/bright/35-3031.00
Watch & Clock Repairers,/profile/summary/49-9064.00
Water & Wastewater Treatment Plant & System Operators,/profile/summary/51-8031.00
Water Resource Specialists,/profile/summary/11-9121.02
,/profile/bright/11-9121.02
Water/Wastewater Engineers,/profile/summary/17-2051.02
,/profile/bright/17-2051.02
Weatherization Installers & Technicians,/profile/summary/47-4099.03
Web & Digital Interface Designers,/profile/summary/15-1255.00
,/profile/bright/15-1255.00
Web Administrators,/profile/summary/15-1299.01
,/profile/bright/15-1299.01
Web Developers,/profile/summary/15-1254.00
,/profile/bright/15-1254.00
"Weighers, Measurers, Checkers, & Samplers, Recordkeeping",/profile/summary/43-5111.00
"Welders, Cutters, Solderers, & Brazers",/profile/summary/51-4121.00
"Welding, Soldering, & Brazing Machine Setters, Operators, & Tenders",/profile/summary/51-4122.00
Wellhead Pumpers,/profile/summary/53-7073.00
Wholesale & Retail Buyers,/profile/summary/13-1022.00
,/profile/bright/13-1022.00
Wind Energy Development Managers,/profile/summary/11-9199.10
,/profile/bright/11-9199.10
Wind Energy Engineers,/profile/summary/17-2199.10
Wind Energy Operations Managers,/profile/summary/11-9199.09
,/profile/bright/11-9199.09
Wind Turbine Service Technicians,/profile/summary/49-9081.00
,/profile/bright/49-9081.00
"Woodworking Machine Setters, Operators, & Tenders",/profile/summary/51-7042.00
Word Processors & Typists,/profile/summary/43-9022.00
Writers & Authors,/profile/summary/27-3043.00
Zoologists & Wildlife Biologists,/profile/summary/19-1023.00
